{"cameraMode":{"drawMode":0,"name":"Shaded","section":"Shading Mode"},"sceneLighting":false,"audioPlay":false,"sceneViewState":{"m_AlwaysRefresh":false,"showFog":true,"showSkybox":true,"showFlares":true,"showImageEffects":true,"showParticleSystems":true,"showVisualEffectGraphs":true,"m_FxEnabled":true},"in2DMode":false,"pivot":{"x":-0.7404444217681885,"y":0.36650240421295168,"z":-15.810009002685547},"rotation":{"x":0.1868903487920761,"y":0.6921787261962891,"z":-0.19255582988262177,"w":0.6700049042701721},"size":1.1660254001617432,"orthographic":false}