{"cameraMode":{"drawMode":0,"name":"Shaded","section":"Shading Mode"},"sceneLighting":false,"audioPlay":false,"sceneViewState":{"m_AlwaysRefresh":false,"showFog":true,"showSkybox":true,"showFlares":true,"showImageEffects":true,"showParticleSystems":true,"showVisualEffectGraphs":true,"m_FxEnabled":true},"in2DMode":false,"pivot":{"x":-6.825301170349121,"y":0.6121950745582581,"z":-15.975203514099121},"rotation":{"x":0.15882235765457154,"y":-0.6855093836784363,"z":0.15712113678455354,"w":0.6929445266723633},"size":1.0773646831512452,"orthographic":false}