{"cameraMode":{"drawMode":0,"name":"Shaded","section":"Shading Mode"},"sceneLighting":false,"audioPlay":false,"sceneViewState":{"m_AlwaysRefresh":false,"showFog":true,"showSkybox":true,"showFlares":true,"showImageEffects":true,"showParticleSystems":true,"showVisualEffectGraphs":true,"m_FxEnabled":true},"in2DMode":false,"pivot":{"x":-18.572940826416017,"y":0.24706149101257325,"z":-7.775076866149902},"rotation":{"x":-0.040593016892671588,"y":0.32458460330963137,"z":-0.014348150230944157,"w":-0.9449054598808289},"size":7.862260341644287,"orthographic":false}