{"cameraMode":{"drawMode":0,"name":"Shaded","section":"Shading Mode"},"sceneLighting":false,"audioPlay":false,"sceneViewState":{"m_AlwaysRefresh":false,"showFog":true,"showSkybox":true,"showFlares":true,"showImageEffects":true,"showParticleSystems":true,"showVisualEffectGraphs":true,"m_FxEnabled":true},"in2DMode":false,"pivot":{"x":-20.34453773498535,"y":1.5994718074798585,"z":-12.293121337890625},"rotation":{"x":0.01528856996446848,"y":0.006588582415133715,"z":0.00011997426190646365,"w":-0.9998418092727661},"size":4.460390567779541,"orthographic":false}