{"cameraMode":{"drawMode":0,"name":"Shaded","section":"Shading Mode"},"sceneLighting":false,"audioPlay":false,"sceneViewState":{"m_AlwaysRefresh":false,"showFog":true,"showSkybox":true,"showFlares":true,"showImageEffects":true,"showParticleSystems":true,"showVisualEffectGraphs":true,"m_FxEnabled":true},"in2DMode":false,"pivot":{"x":358.1541748046875,"y":160.15835571289063,"z":105.35546875},"rotation":{"x":0.003292142180725932,"y":-0.048002973198890689,"z":-0.00035763156483881176,"w":-0.9989576935768127},"size":352.64837646484377,"orthographic":false}