{"cameraMode":{"drawMode":0,"name":"Shaded","section":"Shading Mode"},"sceneLighting":false,"audioPlay":false,"sceneViewState":{"m_AlwaysRefresh":false,"showFog":true,"showSkybox":true,"showFlares":true,"showImageEffects":true,"showParticleSystems":true,"showVisualEffectGraphs":true,"m_FxEnabled":true},"in2DMode":false,"pivot":{"x":-2.2836925983428957,"y":2.062747001647949,"z":-11.558650016784668},"rotation":{"x":0.1435735523700714,"y":-0.0335131511092186,"z":0.005222821142524481,"w":0.9890734553337097},"size":2.0660252571105959,"orthographic":false}