{"cameraMode":{"drawMode":0,"name":"Shaded","section":"Shading Mode"},"sceneLighting":false,"audioPlay":false,"sceneViewState":{"m_AlwaysRefresh":false,"showFog":true,"showSkybox":true,"showFlares":true,"showImageEffects":true,"showParticleSystems":true,"showVisualEffectGraphs":true,"m_FxEnabled":true},"in2DMode":false,"pivot":{"x":-6.443058490753174,"y":0.9295313358306885,"z":-17.639917373657228},"rotation":{"x":-0.012978275306522847,"y":0.9572766423225403,"z":-0.04480874165892601,"w":-0.2854539752006531},"size":1.2373342514038087,"orthographic":false}