{"cameraMode":{"drawMode":0,"name":"Shaded","section":"Shading Mode"},"sceneLighting":false,"audioPlay":false,"sceneViewState":{"m_AlwaysRefresh":false,"showFog":true,"showSkybox":true,"showFlares":true,"showImageEffects":true,"showParticleSystems":true,"showVisualEffectGraphs":true,"m_FxEnabled":true},"in2DMode":false,"pivot":{"x":357.9154357910156,"y":192.16824340820313,"z":17.308120727539064},"rotation":{"x":-0.15330590307712556,"y":-0.003326206002384424,"z":0.00030805295682512224,"w":-0.9882943034172058},"size":270.3715515136719,"orthographic":false}