{"cameraMode":{"drawMode":0,"name":"Shaded","section":"Shading Mode"},"sceneLighting":false,"audioPlay":false,"sceneViewState":{"m_AlwaysRefresh":false,"showFog":true,"showSkybox":true,"showFlares":true,"showImageEffects":true,"showParticleSystems":true,"showVisualEffectGraphs":true,"m_FxEnabled":true},"in2DMode":false,"pivot":{"x":326.87884521484377,"y":53.821380615234378,"z":235.09141540527345},"rotation":{"x":-0.2081049084663391,"y":-0.35428935289382937,"z":0.08124448359012604,"w":-0.908075749874115},"size":167.95074462890626,"orthographic":false}