{"cameraMode":{"drawMode":0,"name":"Shaded","section":"Shading Mode"},"sceneLighting":false,"audioPlay":false,"sceneViewState":{"m_AlwaysRefresh":false,"showFog":true,"showSkybox":true,"showFlares":true,"showImageEffects":true,"showParticleSystems":true,"showVisualEffectGraphs":true,"m_FxEnabled":true},"in2DMode":false,"pivot":{"x":344.70477294921877,"y":182.3791046142578,"z":104.04476928710938},"rotation":{"x":0.006305517163127661,"y":-0.00151568662840873,"z":-0.00020828950800932944,"w":-1.0000948905944825},"size":213.68240356445313,"orthographic":false}