{"cameraMode":{"drawMode":0,"name":"Shaded","section":"Shading Mode"},"sceneLighting":false,"audioPlay":false,"sceneViewState":{"m_AlwaysRefresh":false,"showFog":true,"showSkybox":true,"showFlares":true,"showImageEffects":true,"showParticleSystems":true,"showVisualEffectGraphs":true,"m_FxEnabled":true},"in2DMode":false,"pivot":{"x":-3.70875883102417,"y":1.8183826208114625,"z":-13.625139236450196},"rotation":{"x":0.004825010895729065,"y":-0.9483991861343384,"z":0.316920667886734,"w":0.015196395106613636},"size":1.6483447551727296,"orthographic":false}