{"cameraMode":{"drawMode":0,"name":"Shaded","section":"Shading Mode"},"sceneLighting":false,"audioPlay":false,"sceneViewState":{"m_AlwaysRefresh":false,"showFog":true,"showSkybox":true,"showFlares":true,"showImageEffects":true,"showParticleSystems":true,"showVisualEffectGraphs":true,"m_FxEnabled":true},"in2DMode":false,"pivot":{"x":-14.765350341796875,"y":1.5251027345657349,"z":-13.574897766113282},"rotation":{"x":0.03299242630600929,"y":0.5876924991607666,"z":-0.023999350145459176,"w":0.8080625534057617},"size":0.8660253882408142,"orthographic":false}