{"cameraMode":{"drawMode":0,"name":"Shaded","section":"Shading Mode"},"sceneLighting":false,"audioPlay":false,"sceneViewState":{"m_AlwaysRefresh":false,"showFog":true,"showSkybox":true,"showFlares":true,"showImageEffects":true,"showParticleSystems":true,"showVisualEffectGraphs":true,"m_FxEnabled":true},"in2DMode":false,"pivot":{"x":-21.366580963134767,"y":2.0470468997955324,"z":-10.979846000671387},"rotation":{"x":0.0035640972200781109,"y":-0.5110670924186707,"z":0.0025457979645580055,"w":0.8595526814460754},"size":7.862260341644287,"orthographic":false}