{"cameraMode":{"drawMode":0,"name":"Shaded","section":"Shading Mode"},"sceneLighting":false,"audioPlay":false,"sceneViewState":{"m_AlwaysRefresh":false,"showFog":true,"showSkybox":true,"showFlares":true,"showImageEffects":true,"showParticleSystems":true,"showVisualEffectGraphs":true,"m_FxEnabled":true},"in2DMode":false,"pivot":{"x":489.5224914550781,"y":197.94583129882813,"z":937.6281127929688},"rotation":{"x":-0.014099289663136006,"y":0.006001710891723633,"z":0.00008474964124616235,"w":0.9998864531517029},"size":689.1456909179688,"orthographic":false}