{"cameraMode":{"drawMode":0,"name":"Shaded","section":"Shading Mode"},"sceneLighting":false,"audioPlay":false,"sceneViewState":{"m_AlwaysRefresh":false,"showFog":true,"showSkybox":true,"showFlares":true,"showImageEffects":true,"showParticleSystems":true,"showVisualEffectGraphs":true,"m_FxEnabled":true},"in2DMode":false,"pivot":{"x":-4.270700931549072,"y":0.7575187683105469,"z":-11.43386173248291},"rotation":{"x":0.06711696833372116,"y":0.035038892179727557,"z":-0.002173192100599408,"w":0.9972319006919861},"size":3.392744302749634,"orthographic":false}