{"cameraMode":{"drawMode":0,"name":"Shaded","section":"Shading Mode"},"sceneLighting":false,"audioPlay":false,"sceneViewState":{"m_AlwaysRefresh":false,"showFog":true,"showSkybox":true,"showFlares":true,"showImageEffects":true,"showParticleSystems":true,"showVisualEffectGraphs":true,"m_FxEnabled":true},"in2DMode":false,"pivot":{"x":-1.8597142696380616,"y":0.9737982749938965,"z":-4.3625993728637699},"rotation":{"x":-0.01061277650296688,"y":-0.9880104660987854,"z":0.13149437308311463,"w":-0.07991156727075577},"size":5.906645774841309,"orthographic":false}