{"cameraMode":{"drawMode":0,"name":"Shaded","section":"Shading Mode"},"sceneLighting":false,"audioPlay":false,"sceneViewState":{"m_AlwaysRefresh":false,"showFog":true,"showSkybox":true,"showFlares":true,"showImageEffects":true,"showParticleSystems":true,"showVisualEffectGraphs":true,"m_FxEnabled":true},"in2DMode":false,"pivot":{"x":-4.526430130004883,"y":1.306528091430664,"z":-18.55227279663086},"rotation":{"x":0.21105144917964936,"y":-0.07230649143457413,"z":0.017340362071990968,"w":0.9749680161476135},"size":1.0619866847991944,"orthographic":false}