{"cameraMode":{"drawMode":0,"name":"Shaded","section":"Shading Mode"},"sceneLighting":false,"audioPlay":false,"sceneViewState":{"m_AlwaysRefresh":false,"showFog":true,"showSkybox":true,"showFlares":true,"showImageEffects":true,"showParticleSystems":true,"showVisualEffectGraphs":true,"m_FxEnabled":true},"in2DMode":false,"pivot":{"x":386.5773620605469,"y":190.15090942382813,"z":-153.2257080078125},"rotation":{"x":0.0031812270171940328,"y":0.9843440055847168,"z":0.006739813834428787,"w":-0.17791412770748139},"size":2.26198673248291,"orthographic":false}