{"cameraMode":{"drawMode":0,"name":"Shaded","section":"Shading Mode"},"sceneLighting":false,"audioPlay":false,"sceneViewState":{"m_AlwaysRefresh":false,"showFog":true,"showSkybox":true,"showFlares":true,"showImageEffects":true,"showParticleSystems":true,"showVisualEffectGraphs":true,"m_FxEnabled":true},"in2DMode":false,"pivot":{"x":1.2761354446411133,"y":1.0927278995513917,"z":-12.535619735717774},"rotation":{"x":0.17906633019447328,"y":0.8187984228134155,"z":-0.4198901057243347,"w":0.3484650254249573},"size":0.9386479258537293,"orthographic":false}