{"cameraMode":{"drawMode":0,"name":"Shaded","section":"Shading Mode"},"sceneLighting":false,"audioPlay":false,"sceneViewState":{"m_AlwaysRefresh":false,"showFog":true,"showSkybox":true,"showFlares":true,"showImageEffects":true,"showParticleSystems":true,"showVisualEffectGraphs":true,"m_FxEnabled":true},"in2DMode":false,"pivot":{"x":551.8851928710938,"y":279.5484313964844,"z":-5.8747053146362309},"rotation":{"x":-0.2053867131471634,"y":-0.03794897347688675,"z":0.007758275605738163,"w":-0.9779842495918274},"size":0.27525514364242556,"orthographic":false}