{"cameraMode":{"drawMode":0,"name":"Shaded","section":"Shading Mode"},"sceneLighting":false,"audioPlay":false,"sceneViewState":{"m_AlwaysRefresh":false,"showFog":true,"showSkybox":true,"showFlares":true,"showImageEffects":true,"showParticleSystems":true,"showVisualEffectGraphs":true,"m_FxEnabled":true},"in2DMode":false,"pivot":{"x":-1.6702556610107422,"y":-0.08492124080657959,"z":-21.192983627319337},"rotation":{"x":0.020191574469208719,"y":0.9787057042121887,"z":-0.1691325455904007,"w":0.11469169706106186},"size":2.5727837085723879,"orthographic":false}