{"cameraMode":{"drawMode":0,"name":"Shaded","section":"Shading Mode"},"sceneLighting":false,"audioPlay":false,"sceneViewState":{"m_AlwaysRefresh":false,"showFog":true,"showSkybox":true,"showFlares":true,"showImageEffects":true,"showParticleSystems":true,"showVisualEffectGraphs":true,"m_FxEnabled":true},"in2DMode":false,"pivot":{"x":-15.145442962646485,"y":1.9804645776748658,"z":-12.963020324707032},"rotation":{"x":-0.08325152099132538,"y":0.40361693501472475,"z":0.03690626099705696,"w":0.9103918671607971},"size":0.8660253882408142,"orthographic":false}