{"cameraMode":{"drawMode":0,"name":"Shaded","section":"Shading Mode"},"sceneLighting":false,"audioPlay":false,"sceneViewState":{"m_AlwaysRefresh":false,"showFog":true,"showSkybox":true,"showFlares":true,"showImageEffects":true,"showParticleSystems":true,"showVisualEffectGraphs":true,"m_FxEnabled":true},"in2DMode":false,"pivot":{"x":-15.979763984680176,"y":3.202871799468994,"z":-8.891913414001465},"rotation":{"x":-0.13264253735542298,"y":0.07980819046497345,"z":0.011533692479133606,"w":0.9881209135055542},"size":0.14466959238052369,"orthographic":false}