{"cameraMode":{"drawMode":0,"name":"Shaded","section":"Shading Mode"},"sceneLighting":false,"audioPlay":false,"sceneViewState":{"m_AlwaysRefresh":false,"showFog":true,"showSkybox":true,"showFlares":true,"showImageEffects":true,"showParticleSystems":true,"showVisualEffectGraphs":true,"m_FxEnabled":true},"in2DMode":false,"pivot":{"x":-3.173921585083008,"y":1.1484655141830445,"z":-16.310548782348634},"rotation":{"x":0.006977737415581942,"y":0.9910410046577454,"z":-0.05368871986865997,"w":0.12221342325210571},"size":0.3339746594429016,"orthographic":false}