{"cameraMode":{"drawMode":0,"name":"Shaded","section":"Shading Mode"},"sceneLighting":false,"audioPlay":false,"sceneViewState":{"m_AlwaysRefresh":false,"showFog":true,"showSkybox":true,"showFlares":true,"showImageEffects":true,"showParticleSystems":true,"showVisualEffectGraphs":true,"m_FxEnabled":true},"in2DMode":false,"pivot":{"x":-10.912384986877442,"y":0.7329216003417969,"z":-7.649894714355469},"rotation":{"x":-0.21910825371742249,"y":0.11322250217199326,"z":-0.026050517335534097,"w":-0.9688379168510437},"size":0.8660253882408142,"orthographic":false}