{"cameraMode":{"drawMode":0,"name":"Shaded","section":"Shading Mode"},"sceneLighting":false,"audioPlay":false,"sceneViewState":{"m_AlwaysRefresh":false,"showFog":true,"showSkybox":true,"showFlares":true,"showImageEffects":true,"showParticleSystems":true,"showVisualEffectGraphs":true,"m_FxEnabled":true},"in2DMode":false,"pivot":{"x":0.18018954992294312,"y":1.7414429187774659,"z":-17.43966293334961},"rotation":{"x":0.15343724191188813,"y":0.09383904933929444,"z":-0.01548844762146473,"w":0.9837651252746582},"size":0.9054839015007019,"orthographic":false}