{"cameraMode":{"drawMode":0,"name":"Shaded","section":"Shading Mode"},"sceneLighting":false,"audioPlay":false,"sceneViewState":{"m_AlwaysRefresh":false,"showFog":true,"showSkybox":true,"showFlares":true,"showImageEffects":true,"showParticleSystems":true,"showVisualEffectGraphs":true,"m_FxEnabled":true},"in2DMode":false,"pivot":{"x":1.2761354446411133,"y":1.0927278995513917,"z":-12.535619735717774},"rotation":{"x":0.15827886760234834,"y":0.6317007541656494,"z":-0.13338975608348847,"w":0.7472203373908997},"size":0.9386479258537293,"orthographic":false}