{"cameraMode":{"drawMode":0,"name":"Shaded","section":"Shading Mode"},"sceneLighting":false,"audioPlay":false,"sceneViewState":{"m_AlwaysRefresh":false,"showFog":true,"showSkybox":true,"showFlares":true,"showImageEffects":true,"showParticleSystems":true,"showVisualEffectGraphs":true,"m_FxEnabled":true},"in2DMode":false,"pivot":{"x":-2.0503101348876955,"y":0.47674256563186648,"z":-19.321134567260743},"rotation":{"x":-0.02482585795223713,"y":-0.9751543998718262,"z":0.15218114852905274,"w":-0.15907913446426392},"size":0.8339516520500183,"orthographic":false}