{"cameraMode":{"drawMode":0,"name":"Shaded","section":"Shading Mode"},"sceneLighting":false,"audioPlay":false,"sceneViewState":{"m_AlwaysRefresh":false,"showFog":true,"showSkybox":true,"showFlares":true,"showImageEffects":true,"showParticleSystems":true,"showVisualEffectGraphs":true,"m_FxEnabled":true},"in2DMode":false,"pivot":{"x":312.048828125,"y":194.59251403808595,"z":-2.65606689453125},"rotation":{"x":-0.004187639802694321,"y":0.0016426298534497619,"z":-0.00021886501053813845,"w":1.0001391172409058},"size":223.00543212890626,"orthographic":false}