{"cameraMode":{"drawMode":0,"name":"Shaded","section":"Shading Mode"},"sceneLighting":false,"audioPlay":false,"sceneViewState":{"m_AlwaysRefresh":false,"showFog":true,"showSkybox":true,"showFlares":true,"showImageEffects":true,"showParticleSystems":true,"showVisualEffectGraphs":true,"m_FxEnabled":true},"in2DMode":false,"pivot":{"x":-14.541462898254395,"y":2.2120494842529299,"z":-16.39432716369629},"rotation":{"x":0.05131908506155014,"y":0.7628572583198547,"z":-0.06101251393556595,"w":0.6416349411010742},"size":1.8866252899169922,"orthographic":false}