{"cameraMode":{"drawMode":0,"name":"Shaded","section":"Shading Mode"},"sceneLighting":false,"audioPlay":false,"sceneViewState":{"m_AlwaysRefresh":false,"showFog":true,"showSkybox":true,"showFlares":true,"showImageEffects":true,"showParticleSystems":true,"showVisualEffectGraphs":true,"m_FxEnabled":true},"in2DMode":false,"pivot":{"x":180.81103515625,"y":120.08143615722656,"z":307.09906005859377},"rotation":{"x":-0.024297349154949189,"y":-0.0014988278271630407,"z":0.00009020316792884842,"w":-0.9997230768203735},"size":378.845458984375,"orthographic":false}