{"cameraMode":{"drawMode":0,"name":"Shaded","section":"Shading Mode"},"sceneLighting":false,"audioPlay":false,"sceneViewState":{"m_AlwaysRefresh":false,"showFog":true,"showSkybox":true,"showFlares":true,"showImageEffects":true,"showParticleSystems":true,"showVisualEffectGraphs":true,"m_FxEnabled":true},"in2DMode":false,"pivot":{"x":-2.7604265213012697,"y":1.6013599634170533,"z":-17.271007537841798},"rotation":{"x":-0.026394467800855638,"y":0.9602048993110657,"z":-0.09711495786905289,"w":-0.26046794652938845},"size":0.3125109076499939,"orthographic":false}