{"cameraMode":{"drawMode":0,"name":"Shaded","section":"Shading Mode"},"sceneLighting":false,"audioPlay":false,"sceneViewState":{"m_AlwaysRefresh":false,"showFog":true,"showSkybox":true,"showFlares":true,"showImageEffects":true,"showParticleSystems":true,"showVisualEffectGraphs":true,"m_FxEnabled":true},"in2DMode":false,"pivot":{"x":-20.27377700805664,"y":1.6949797868728638,"z":-20.743791580200197},"rotation":{"x":-0.04983726888895035,"y":-0.3278460204601288,"z":0.016952361911535264,"w":-0.943264365196228},"size":0.37270236015319826,"orthographic":false}