{"cameraMode":{"drawMode":0,"name":"Shaded","section":"Shading Mode"},"sceneLighting":false,"audioPlay":false,"sceneViewState":{"m_AlwaysRefresh":false,"showFog":true,"showSkybox":true,"showFlares":true,"showImageEffects":true,"showParticleSystems":true,"showVisualEffectGraphs":true,"m_FxEnabled":true},"in2DMode":false,"pivot":{"x":508.9190673828125,"y":344.2337951660156,"z":434.6090087890625},"rotation":{"x":0.12599393725395204,"y":0.005222102627158165,"z":-0.0007648515165783465,"w":0.9921729564666748},"size":502.94891357421877,"orthographic":false}