{"cameraMode":{"drawMode":0,"name":"Shaded","section":"Shading Mode"},"sceneLighting":false,"audioPlay":false,"sceneViewState":{"m_AlwaysRefresh":false,"showFog":true,"showSkybox":true,"showFlares":true,"showImageEffects":true,"showParticleSystems":true,"showVisualEffectGraphs":true,"m_FxEnabled":true},"in2DMode":false,"pivot":{"x":-5.4648518562316898,"y":1.5559806823730469,"z":-14.238320350646973},"rotation":{"x":-0.05850949510931969,"y":0.706669270992279,"z":-0.058460336178541186,"w":-0.7027924060821533},"size":1.4158453941345215,"orthographic":false}