{"cameraMode":{"drawMode":0,"name":"Shaded","section":"Shading Mode"},"sceneLighting":false,"audioPlay":false,"sceneViewState":{"m_AlwaysRefresh":false,"showFog":true,"showSkybox":true,"showFlares":true,"showImageEffects":true,"showParticleSystems":true,"showVisualEffectGraphs":true,"m_FxEnabled":true},"in2DMode":false,"pivot":{"x":456.6331481933594,"y":216.48553466796876,"z":-121.68193817138672},"rotation":{"x":0.12418466806411743,"y":-0.00950706098228693,"z":0.0012054675025865436,"w":0.9923237562179565},"size":57.42414855957031,"orthographic":false}