{"cameraMode":{"drawMode":0,"name":"Shaded","section":"Shading Mode"},"sceneLighting":false,"audioPlay":false,"sceneViewState":{"m_AlwaysRefresh":false,"showFog":true,"showSkybox":true,"showFlares":true,"showImageEffects":true,"showParticleSystems":true,"showVisualEffectGraphs":true,"m_FxEnabled":true},"in2DMode":false,"pivot":{"x":-0.7235965728759766,"y":0.3736318349838257,"z":-16.867225646972658},"rotation":{"x":-0.056877631694078448,"y":-0.8796222805976868,"z":0.10838393867015839,"w":-0.45990657806396487},"size":1.2549822330474854,"orthographic":false}