{"cameraMode":{"drawMode":0,"name":"Shaded","section":"Shading Mode"},"sceneLighting":true,"audioPlay":false,"sceneViewState":{"m_AlwaysRefresh":false,"showFog":true,"showSkybox":true,"showFlares":true,"showImageEffects":true,"showParticleSystems":true,"showVisualEffectGraphs":true,"m_FxEnabled":true},"in2DMode":false,"pivot":{"x":0.13249200582504273,"y":1.9535138607025147,"z":-10.81777572631836},"rotation":{"x":0.036400094628334048,"y":0.7325252890586853,"z":-0.03904714062809944,"w":0.6787625551223755},"size":0.30648571252822878,"orthographic":false}