{"cameraMode":{"drawMode":0,"name":"Shaded","section":"Shading Mode"},"sceneLighting":false,"audioPlay":false,"sceneViewState":{"m_AlwaysRefresh":false,"showFog":true,"showSkybox":true,"showFlares":true,"showImageEffects":true,"showParticleSystems":true,"showVisualEffectGraphs":true,"m_FxEnabled":true},"in2DMode":false,"pivot":{"x":380.9159240722656,"y":189.42120361328126,"z":-1.086822509765625},"rotation":{"x":0.006596592254936695,"y":-0.008998336270451546,"z":-0.00006815772940171883,"w":-0.999947190284729},"size":186.63343811035157,"orthographic":false}