{"cameraMode":{"drawMode":0,"name":"Shaded","section":"Shading Mode"},"sceneLighting":false,"audioPlay":false,"sceneViewState":{"m_AlwaysRefresh":false,"showFog":true,"showSkybox":true,"showFlares":true,"showImageEffects":true,"showParticleSystems":true,"showVisualEffectGraphs":true,"m_FxEnabled":true},"in2DMode":false,"pivot":{"x":376.2391052246094,"y":195.67611694335938,"z":0.46917724609375},"rotation":{"x":0.006026807706803083,"y":0.002337123267352581,"z":0.00010478225885890424,"w":-1.0000877380371094},"size":206.28738403320313,"orthographic":false}