{"cameraMode":{"drawMode":0,"name":"Shaded","section":"Shading Mode"},"sceneLighting":false,"audioPlay":false,"sceneViewState":{"m_AlwaysRefresh":false,"showFog":true,"showSkybox":true,"showFlares":true,"showImageEffects":true,"showParticleSystems":true,"showVisualEffectGraphs":true,"m_FxEnabled":true},"in2DMode":false,"pivot":{"x":-5.101162910461426,"y":1.3843879699707032,"z":-14.451824188232422},"rotation":{"x":0.0035208938643336298,"y":0.272217720746994,"z":0.0008009658195078373,"w":-0.9623518586158752},"size":0.6676784753799439,"orthographic":false}