{"cameraMode":{"drawMode":0,"name":"Shaded","section":"Shading Mode"},"sceneLighting":false,"audioPlay":false,"sceneViewState":{"m_AlwaysRefresh":false,"showFog":true,"showSkybox":true,"showFlares":true,"showImageEffects":true,"showParticleSystems":true,"showVisualEffectGraphs":true,"m_FxEnabled":true},"in2DMode":false,"pivot":{"x":1.2761354446411133,"y":1.0927278995513917,"z":-12.535619735717774},"rotation":{"x":-0.047829512506723407,"y":-0.7192977666854858,"z":0.04880122095346451,"w":-0.6915137767791748},"size":0.9386479258537293,"orthographic":false}