{"cameraMode":{"drawMode":0,"name":"Shaded","section":"Shading Mode"},"sceneLighting":true,"audioPlay":false,"sceneViewState":{"m_AlwaysRefresh":false,"showFog":true,"showSkybox":true,"showFlares":true,"showImageEffects":true,"showParticleSystems":true,"showVisualEffectGraphs":true,"m_FxEnabled":true},"in2DMode":false,"pivot":{"x":0.13262850046157838,"y":1.9535138607025147,"z":-10.81595230102539},"rotation":{"x":0.03645862638950348,"y":0.73150634765625,"z":-0.0389924980700016,"w":0.6798605918884277},"size":0.30648571252822878,"orthographic":false}