{"cameraMode":{"drawMode":0,"name":"Shaded","section":"Shading Mode"},"sceneLighting":false,"audioPlay":false,"sceneViewState":{"m_AlwaysRefresh":false,"showFog":true,"showSkybox":true,"showFlares":true,"showImageEffects":true,"showParticleSystems":true,"showVisualEffectGraphs":true,"m_FxEnabled":true},"in2DMode":false,"pivot":{"x":418.0501708984375,"y":203.53370666503907,"z":69.65413665771485},"rotation":{"x":-0.0518697090446949,"y":-0.02131747081875801,"z":0.0009112582192756236,"w":-0.9985443949699402},"size":231.99510192871095,"orthographic":false}