{"cameraMode":{"drawMode":0,"name":"Shaded","section":"Shading Mode"},"sceneLighting":false,"audioPlay":false,"sceneViewState":{"m_AlwaysRefresh":false,"showFog":true,"showSkybox":true,"showFlares":true,"showImageEffects":true,"showParticleSystems":true,"showVisualEffectGraphs":true,"m_FxEnabled":true},"in2DMode":false,"pivot":{"x":334.3882141113281,"y":182.77284240722657,"z":0.748626708984375},"rotation":{"x":-0.04215171933174133,"y":0.0014980732230469585,"z":-0.00041193253127858043,"w":-0.9991117119789124},"size":194.65907287597657,"orthographic":false}