{"cameraMode":{"drawMode":0,"name":"Shaded","section":"Shading Mode"},"sceneLighting":false,"audioPlay":false,"sceneViewState":{"m_AlwaysRefresh":false,"showFog":true,"showSkybox":true,"showFlares":true,"showImageEffects":true,"showParticleSystems":true,"showVisualEffectGraphs":true,"m_FxEnabled":true},"in2DMode":false,"pivot":{"x":-15.099987030029297,"y":0.9347261786460877,"z":-14.334796905517579},"rotation":{"x":0.0038420718628913166,"y":-0.6544356942176819,"z":-0.0034571420401334764,"w":-0.7562329769134522},"size":0.22446759045124055,"orthographic":false}