{"cameraMode":{"drawMode":0,"name":"Shaded","section":"Shading Mode"},"sceneLighting":false,"audioPlay":false,"sceneViewState":{"m_AlwaysRefresh":false,"showFog":true,"showSkybox":true,"showFlares":true,"showImageEffects":true,"showParticleSystems":true,"showVisualEffectGraphs":true,"m_FxEnabled":true},"in2DMode":false,"pivot":{"x":-1.446684718132019,"y":1.5669649839401246,"z":-17.109729766845704},"rotation":{"x":0.048206135630607608,"y":0.02487330138683319,"z":-0.0010712399380281568,"w":0.9985566735267639},"size":2.4073948860168459,"orthographic":false}