{"cameraMode":{"drawMode":0,"name":"Shaded","section":"Shading Mode"},"sceneLighting":false,"audioPlay":false,"sceneViewState":{"m_AlwaysRefresh":false,"showFog":true,"showSkybox":true,"showFlares":true,"showImageEffects":true,"showParticleSystems":true,"showVisualEffectGraphs":true,"m_FxEnabled":true},"in2DMode":false,"pivot":{"x":216.51324462890626,"y":220.095458984375,"z":-43.98853302001953},"rotation":{"x":-0.07655245065689087,"y":0.026904908940196039,"z":-0.002416029339656234,"w":-0.9967014193534851},"size":130.1175537109375,"orthographic":false}