{"cameraMode":{"drawMode":0,"name":"Shaded","section":"Shading Mode"},"sceneLighting":false,"audioPlay":false,"sceneViewState":{"m_AlwaysRefresh":false,"showFog":true,"showSkybox":true,"showFlares":true,"showImageEffects":true,"showParticleSystems":true,"showVisualEffectGraphs":true,"m_FxEnabled":true},"in2DMode":false,"pivot":{"x":0.08928227424621582,"y":0.78647780418396,"z":-10.924753189086914},"rotation":{"x":-0.0720999464392662,"y":-0.6411481499671936,"z":0.060846395790576938,"w":-0.7617383003234863},"size":1.7777681350708008,"orthographic":false}