{"cameraMode":{"drawMode":0,"name":"Shaded","section":"Shading Mode"},"sceneLighting":false,"audioPlay":false,"sceneViewState":{"m_AlwaysRefresh":false,"showFog":true,"showSkybox":true,"showFlares":true,"showImageEffects":true,"showParticleSystems":true,"showVisualEffectGraphs":true,"m_FxEnabled":true},"in2DMode":false,"pivot":{"x":462.57794189453127,"y":294.22039794921877,"z":-101.309814453125},"rotation":{"x":0.019894855096936227,"y":-0.22100669145584107,"z":-0.004506375174969435,"w":-0.9750698208808899},"size":268.0109558105469,"orthographic":false}