{"cameraMode":{"drawMode":0,"name":"Shaded","section":"Shading Mode"},"sceneLighting":false,"audioPlay":false,"sceneViewState":{"m_AlwaysRefresh":false,"showFog":true,"showSkybox":true,"showFlares":true,"showImageEffects":true,"showParticleSystems":true,"showVisualEffectGraphs":true,"m_FxEnabled":true},"in2DMode":false,"pivot":{"x":362.95733642578127,"y":245.9940948486328,"z":-65.5225830078125},"rotation":{"x":-0.024408813565969468,"y":-0.12353835254907608,"z":0.003042839001864195,"w":-0.9920456409454346},"size":268.0109558105469,"orthographic":false}