{"cameraMode":{"drawMode":0,"name":"Shaded","section":"Shading Mode"},"sceneLighting":false,"audioPlay":false,"sceneViewState":{"m_AlwaysRefresh":false,"showFog":true,"showSkybox":true,"showFlares":true,"showImageEffects":true,"showParticleSystems":true,"showVisualEffectGraphs":true,"m_FxEnabled":true},"in2DMode":false,"pivot":{"x":-1.4133710861206055,"y":1.1191596984863282,"z":-18.629758834838868},"rotation":{"x":0.06966624408960343,"y":0.9288440346717835,"z":-0.22909919917583466,"w":0.2827913463115692},"size":0.6131439208984375,"orthographic":false}