{"cameraMode":{"drawMode":0,"name":"Shaded","section":"Shading Mode"},"sceneLighting":false,"audioPlay":false,"sceneViewState":{"m_AlwaysRefresh":false,"showFog":true,"showSkybox":true,"showFlares":true,"showImageEffects":true,"showParticleSystems":true,"showVisualEffectGraphs":true,"m_FxEnabled":true},"in2DMode":false,"pivot":{"x":-1.3569673299789429,"y":1.196516513824463,"z":-10.730611801147461},"rotation":{"x":-0.10328078269958496,"y":-0.02810738980770111,"z":0.002716301940381527,"w":-0.9943190217018127},"size":2.1101748943328859,"orthographic":false}