{"cameraMode":{"drawMode":0,"name":"Shaded","section":"Shading Mode"},"sceneLighting":false,"audioPlay":false,"sceneViewState":{"m_AlwaysRefresh":false,"showFog":true,"showSkybox":true,"showFlares":true,"showImageEffects":true,"showParticleSystems":true,"showVisualEffectGraphs":true,"m_FxEnabled":true},"in2DMode":false,"pivot":{"x":396.10406494140627,"y":279.427001953125,"z":53.842864990234378},"rotation":{"x":0.07164405286312103,"y":-0.011075938120484352,"z":0.0007981344824656844,"w":0.9973719120025635},"size":158.33914184570313,"orthographic":false}