{"cameraMode":{"drawMode":0,"name":"Shaded","section":"Shading Mode"},"sceneLighting":true,"audioPlay":false,"sceneViewState":{"m_AlwaysRefresh":false,"showFog":true,"showSkybox":true,"showFlares":true,"showImageEffects":true,"showParticleSystems":true,"showVisualEffectGraphs":true,"m_FxEnabled":true},"in2DMode":false,"pivot":{"x":2.17265248298645,"y":2.2341010570526125,"z":-15.776061058044434},"rotation":{"x":-0.00008610716031398624,"y":-0.9606696367263794,"z":0.0002975270908791572,"w":-0.27769482135772707},"size":3.3073947429656984,"orthographic":false}