{"cameraMode":{"drawMode":0,"name":"Shaded","section":"Shading Mode"},"sceneLighting":false,"audioPlay":false,"sceneViewState":{"m_AlwaysRefresh":false,"showFog":true,"showSkybox":true,"showFlares":true,"showImageEffects":true,"showParticleSystems":true,"showVisualEffectGraphs":true,"m_FxEnabled":true},"in2DMode":false,"pivot":{"x":1.7449661493301392,"y":3.085517644882202,"z":-17.05580711364746},"rotation":{"x":0.03260296210646629,"y":-0.45347610116004946,"z":-0.016607606783509256,"w":-0.8905259370803833},"size":3.5504183769226076,"orthographic":false}