{"cameraMode":{"drawMode":0,"name":"Shaded","section":"Shading Mode"},"sceneLighting":false,"audioPlay":false,"sceneViewState":{"m_AlwaysRefresh":false,"showFog":true,"showSkybox":true,"showFlares":true,"showImageEffects":true,"showParticleSystems":true,"showVisualEffectGraphs":true,"m_FxEnabled":true},"in2DMode":false,"pivot":{"x":-1.3519258499145508,"y":0.6228345036506653,"z":-18.67799186706543},"rotation":{"x":0.046501729637384418,"y":0.8880038261413574,"z":-0.09259996563196182,"w":0.4481806457042694},"size":1.4158453941345215,"orthographic":false}