{"cameraMode":{"drawMode":0,"name":"Shaded","section":"Shading Mode"},"sceneLighting":false,"audioPlay":false,"sceneViewState":{"m_AlwaysRefresh":false,"showFog":true,"showSkybox":true,"showFlares":true,"showImageEffects":true,"showParticleSystems":true,"showVisualEffectGraphs":true,"m_FxEnabled":true},"in2DMode":false,"pivot":{"x":-17.488323211669923,"y":2.6050262451171877,"z":-6.417497158050537},"rotation":{"x":0.22792711853981019,"y":-0.42359432578086855,"z":0.11152717471122742,"w":0.8698486089706421},"size":1.055330514907837,"orthographic":false}