{"cameraMode":{"drawMode":0,"name":"Shaded","section":"Shading Mode"},"sceneLighting":false,"audioPlay":false,"sceneViewState":{"m_AlwaysRefresh":false,"showFog":true,"showSkybox":true,"showFlares":true,"showImageEffects":true,"showParticleSystems":true,"showVisualEffectGraphs":true,"m_FxEnabled":true},"in2DMode":false,"pivot":{"x":-14.713401794433594,"y":1.6700847148895264,"z":-15.169062614440918},"rotation":{"x":0.07388808578252793,"y":0.6973676085472107,"z":-0.07265345007181168,"w":0.7091867327690125},"size":0.6795083284378052,"orthographic":false}