{"cameraMode":{"drawMode":0,"name":"Shaded","section":"Shading Mode"},"sceneLighting":true,"audioPlay":false,"sceneViewState":{"m_AlwaysRefresh":false,"showFog":true,"showSkybox":true,"showFlares":true,"showImageEffects":true,"showParticleSystems":true,"showVisualEffectGraphs":true,"m_FxEnabled":true},"in2DMode":false,"pivot":{"x":1.3398264646530152,"y":-0.8349623084068298,"z":-18.284337997436525},"rotation":{"x":0.08144669979810715,"y":0.8446052670478821,"z":-0.13440383970737458,"w":0.5118088126182556},"size":3.7255170345306398,"orthographic":false}