{"cameraMode":{"drawMode":0,"name":"Shaded","section":"Shading Mode"},"sceneLighting":false,"audioPlay":false,"sceneViewState":{"m_AlwaysRefresh":false,"showFog":true,"showSkybox":true,"showFlares":true,"showImageEffects":true,"showParticleSystems":true,"showVisualEffectGraphs":true,"m_FxEnabled":true},"in2DMode":false,"pivot":{"x":258.31451416015627,"y":231.0862274169922,"z":123.19068145751953},"rotation":{"x":0.051285479217767718,"y":0.00898370984941721,"z":-0.0004595575446728617,"w":0.9986464977264404},"size":265.330322265625,"orthographic":false}