{"cameraMode":{"drawMode":0,"name":"Shaded","section":"Shading Mode"},"sceneLighting":false,"audioPlay":false,"sceneViewState":{"m_AlwaysRefresh":false,"showFog":true,"showSkybox":true,"showFlares":true,"showImageEffects":true,"showParticleSystems":true,"showVisualEffectGraphs":true,"m_FxEnabled":true},"in2DMode":false,"pivot":{"x":302.4803466796875,"y":188.31332397460938,"z":-68.79739379882813},"rotation":{"x":0.04588408023118973,"y":0.0036047620233148338,"z":0.0001697972184047103,"w":-0.9989517331123352},"size":206.57545471191407,"orthographic":false}