{"cameraMode":{"drawMode":0,"name":"Shaded","section":"Shading Mode"},"sceneLighting":false,"audioPlay":false,"sceneViewState":{"m_AlwaysRefresh":false,"showFog":true,"showSkybox":true,"showFlares":true,"showImageEffects":true,"showParticleSystems":true,"showVisualEffectGraphs":true,"m_FxEnabled":true},"in2DMode":false,"pivot":{"x":-3.9387195110321047,"y":1.0029947757720948,"z":-20.042766571044923},"rotation":{"x":0.29188892245292666,"y":-0.24045820534229279,"z":0.07587940990924835,"w":0.922778308391571},"size":0.37298208475112917,"orthographic":false}