{"cameraMode":{"drawMode":0,"name":"Shaded","section":"Shading Mode"},"sceneLighting":false,"audioPlay":false,"sceneViewState":{"m_AlwaysRefresh":false,"showFog":true,"showSkybox":true,"showFlares":true,"showImageEffects":true,"showParticleSystems":true,"showVisualEffectGraphs":true,"m_FxEnabled":true},"in2DMode":false,"pivot":{"x":-3.662426233291626,"y":0.5203307867050171,"z":-6.643686294555664},"rotation":{"x":-0.13546791672706605,"y":0.004821199923753738,"z":-0.0013236835366114975,"w":-0.9908974170684815},"size":2.6191041469573976,"orthographic":false}