{"cameraMode":{"drawMode":0,"name":"Shaded","section":"Shading Mode"},"sceneLighting":true,"audioPlay":false,"sceneViewState":{"m_AlwaysRefresh":false,"showFog":true,"showSkybox":true,"showFlares":true,"showImageEffects":true,"showParticleSystems":true,"showVisualEffectGraphs":true,"m_FxEnabled":true},"in2DMode":false,"pivot":{"x":443.97528076171877,"y":184.7434539794922,"z":2.2702739238739015},"rotation":{"x":-0.007809837814420462,"y":-0.0009027772466652095,"z":0.000005291817615216132,"w":-0.9999743103981018},"size":250.05081176757813,"orthographic":false}