{"cameraMode":{"drawMode":0,"name":"Shaded","section":"Shading Mode"},"sceneLighting":false,"audioPlay":false,"sceneViewState":{"m_AlwaysRefresh":false,"showFog":true,"showSkybox":true,"showFlares":true,"showImageEffects":true,"showParticleSystems":true,"showVisualEffectGraphs":true,"m_FxEnabled":true},"in2DMode":false,"pivot":{"x":-2.1326487064361574,"y":-0.06465139985084534,"z":-18.710765838623048},"rotation":{"x":0.0015759089728817344,"y":-0.7496829032897949,"z":0.6619094610214233,"w":0.0013794334372505546},"size":0.21025562286376954,"orthographic":false}