{"cameraMode":{"drawMode":0,"name":"Shaded","section":"Shading Mode"},"sceneLighting":false,"audioPlay":false,"sceneViewState":{"m_AlwaysRefresh":false,"showFog":true,"showSkybox":true,"showFlares":true,"showImageEffects":true,"showParticleSystems":true,"showVisualEffectGraphs":true,"m_FxEnabled":true},"in2DMode":false,"pivot":{"x":-2.2149133682250978,"y":0.9253787994384766,"z":-18.88450050354004},"rotation":{"x":0.0017127863829955459,"y":-0.9916647672653198,"z":0.12893670797348023,"w":0.01094834879040718},"size":0.16623741388320924,"orthographic":false}