{"cameraMode":{"drawMode":0,"name":"Shaded","section":"Shading Mode"},"sceneLighting":false,"audioPlay":false,"sceneViewState":{"m_AlwaysRefresh":false,"showFog":true,"showSkybox":true,"showFlares":true,"showImageEffects":true,"showParticleSystems":true,"showVisualEffectGraphs":true,"m_FxEnabled":true},"in2DMode":false,"pivot":{"x":-3.5307672023773195,"y":1.1958426237106324,"z":-16.477096557617189},"rotation":{"x":0.0635889321565628,"y":0.8431693315505981,"z":-0.10162284225225449,"w":0.5241438746452332},"size":0.2660253643989563,"orthographic":false}