{"cameraMode":{"drawMode":0,"name":"Shaded","section":"Shading Mode"},"sceneLighting":false,"audioPlay":false,"sceneViewState":{"m_AlwaysRefresh":false,"showFog":true,"showSkybox":true,"showFlares":true,"showImageEffects":true,"showParticleSystems":true,"showVisualEffectGraphs":true,"m_FxEnabled":true},"in2DMode":false,"pivot":{"x":215.54200744628907,"y":299.71136474609377,"z":31.37981414794922},"rotation":{"x":-0.06297510117292404,"y":0.05591563507914543,"z":0.0039017193485051395,"w":0.9964593648910523},"size":128.7206573486328,"orthographic":false}