{"cameraMode":{"drawMode":0,"name":"Shaded","section":"Shading Mode"},"sceneLighting":false,"audioPlay":false,"sceneViewState":{"m_AlwaysRefresh":false,"showFog":true,"showSkybox":true,"showFlares":true,"showImageEffects":true,"showParticleSystems":true,"showVisualEffectGraphs":true,"m_FxEnabled":true},"in2DMode":false,"pivot":{"x":551.9144287109375,"y":279.5605773925781,"z":-5.872625827789307},"rotation":{"x":-0.1933497041463852,"y":-0.06596096605062485,"z":0.012817015871405602,"w":-0.9788967370986939},"size":0.27525514364242556,"orthographic":false}