{"cameraMode":{"drawMode":0,"name":"Shaded","section":"Shading Mode"},"sceneLighting":false,"audioPlay":false,"sceneViewState":{"m_AlwaysRefresh":false,"showFog":true,"showSkybox":true,"showFlares":true,"showImageEffects":true,"showParticleSystems":true,"showVisualEffectGraphs":true,"m_FxEnabled":true},"in2DMode":false,"pivot":{"x":-4.114288806915283,"y":2.1942687034606935,"z":-16.186134338378908},"rotation":{"x":-0.09824638068675995,"y":-0.38325032591819765,"z":0.04137660935521126,"w":-0.9175606966018677},"size":0.16623741388320924,"orthographic":false}