{"cameraMode":{"drawMode":0,"name":"Shaded","section":"Shading Mode"},"sceneLighting":false,"audioPlay":false,"sceneViewState":{"m_AlwaysRefresh":false,"showFog":true,"showSkybox":true,"showFlares":true,"showImageEffects":true,"showParticleSystems":true,"showVisualEffectGraphs":true,"m_FxEnabled":true},"in2DMode":false,"pivot":{"x":0.6441845297813416,"y":1.0859296321868897,"z":-11.81629753112793},"rotation":{"x":0.04213101044297218,"y":-0.02488255873322487,"z":0.0014040241949260235,"w":0.9988163709640503},"size":1.7660253047943116,"orthographic":false}