{"cameraMode":{"drawMode":0,"name":"Shaded","section":"Shading Mode"},"sceneLighting":false,"audioPlay":false,"sceneViewState":{"m_AlwaysRefresh":false,"showFog":true,"showSkybox":true,"showFlares":true,"showImageEffects":true,"showParticleSystems":true,"showVisualEffectGraphs":true,"m_FxEnabled":true},"in2DMode":false,"pivot":{"x":173.9852294921875,"y":-7.929351806640625,"z":62.96148681640625},"rotation":{"x":-0.10806014388799668,"y":0.02624898962676525,"z":-0.002812187187373638,"w":-0.9937728047370911},"size":235.96707153320313,"orthographic":false}