{"cameraMode":{"drawMode":0,"name":"Shaded","section":"Shading Mode"},"sceneLighting":false,"audioPlay":false,"sceneViewState":{"m_AlwaysRefresh":false,"showFog":true,"showSkybox":true,"showFlares":true,"showImageEffects":true,"showParticleSystems":true,"showVisualEffectGraphs":true,"m_FxEnabled":true},"in2DMode":false,"pivot":{"x":-3.0101308822631838,"y":-2.5110650062561037,"z":-8.423969268798829},"rotation":{"x":0.19258666038513184,"y":0.6517877578735352,"z":-0.17661066353321076,"w":0.7123352885246277},"size":6.2216925621032719,"orthographic":false}