{"cameraMode":{"drawMode":0,"name":"Shaded","section":"Shading Mode"},"sceneLighting":false,"audioPlay":false,"sceneViewState":{"m_AlwaysRefresh":false,"showFog":true,"showSkybox":true,"showFlares":true,"showImageEffects":true,"showParticleSystems":true,"showVisualEffectGraphs":true,"m_FxEnabled":true},"in2DMode":false,"pivot":{"x":-1.4905197620391846,"y":0.8455028533935547,"z":-18.215749740600587},"rotation":{"x":0.10431870818138123,"y":0.8705888390541077,"z":-0.20889340341091157,"w":0.4331073760986328},"size":0.9339746832847595,"orthographic":false}