{"cameraMode":{"drawMode":0,"name":"Shaded","section":"Shading Mode"},"sceneLighting":false,"audioPlay":false,"sceneViewState":{"m_AlwaysRefresh":false,"showFog":true,"showSkybox":true,"showFlares":true,"showImageEffects":true,"showParticleSystems":true,"showVisualEffectGraphs":true,"m_FxEnabled":true},"in2DMode":false,"pivot":{"x":404.2186279296875,"y":187.22286987304688,"z":-16.28021240234375},"rotation":{"x":0.006302786525338888,"y":-0.002413838403299451,"z":-0.0000028281963295739844,"w":-1.000093698501587},"size":305.98382568359377,"orthographic":false}