{"cameraMode":{"drawMode":0,"name":"Shaded","section":"Shading Mode"},"sceneLighting":false,"audioPlay":false,"sceneViewState":{"m_AlwaysRefresh":false,"showFog":true,"showSkybox":true,"showFlares":true,"showImageEffects":true,"showParticleSystems":true,"showVisualEffectGraphs":true,"m_FxEnabled":true},"in2DMode":false,"pivot":{"x":413.3953552246094,"y":196.40243530273438,"z":-16.577911376953126},"rotation":{"x":0.01380259357392788,"y":-0.009913751855492592,"z":-0.00012228076229803264,"w":-0.9999709129333496},"size":197.03143310546876,"orthographic":false}