{"cameraMode":{"drawMode":0,"name":"Shaded","section":"Shading Mode"},"sceneLighting":false,"audioPlay":false,"sceneViewState":{"m_AlwaysRefresh":false,"showFog":true,"showSkybox":true,"showFlares":true,"showImageEffects":true,"showParticleSystems":true,"showVisualEffectGraphs":true,"m_FxEnabled":true},"in2DMode":false,"pivot":{"x":3.5024635791778566,"y":1.3785182237625123,"z":-0.85640549659729},"rotation":{"x":0.029737072065472604,"y":0.10385744273662567,"z":-0.002738215494900942,"w":0.994163453578949},"size":7.862260341644287,"orthographic":false}