{"cameraMode":{"drawMode":0,"name":"Shaded","section":"Shading Mode"},"sceneLighting":true,"audioPlay":false,"sceneViewState":{"m_AlwaysRefresh":false,"showFog":true,"showSkybox":true,"showFlares":true,"showImageEffects":true,"showParticleSystems":true,"showVisualEffectGraphs":true,"m_FxEnabled":true},"in2DMode":false,"pivot":{"x":3.39324688911438,"y":1.2585865259170533,"z":-15.473091125488282},"rotation":{"x":-0.012522688135504723,"y":-0.4036337435245514,"z":0.005068911239504814,"w":-0.9149231910705566},"size":3.4126152992248537,"orthographic":false}