{"cameraMode":{"drawMode":0,"name":"Shaded","section":"Shading Mode"},"sceneLighting":false,"audioPlay":false,"sceneViewState":{"m_AlwaysRefresh":false,"showFog":true,"showSkybox":true,"showFlares":true,"showImageEffects":true,"showParticleSystems":true,"showVisualEffectGraphs":true,"m_FxEnabled":true},"in2DMode":false,"pivot":{"x":363.5828552246094,"y":220.5770721435547,"z":14.389984130859375},"rotation":{"x":-0.03016219101846218,"y":-0.010491451248526574,"z":-0.00003197669138899073,"w":-0.9994910359382629},"size":133.41973876953126,"orthographic":false}