{"cameraMode":{"drawMode":0,"name":"Shaded","section":"Shading Mode"},"sceneLighting":false,"audioPlay":false,"sceneViewState":{"m_AlwaysRefresh":false,"showFog":true,"showSkybox":true,"showFlares":true,"showImageEffects":true,"showParticleSystems":true,"showVisualEffectGraphs":true,"m_FxEnabled":true},"in2DMode":false,"pivot":{"x":-4.838833808898926,"y":0.3214353322982788,"z":-19.61150360107422},"rotation":{"x":-0.003947027493268251,"y":0.9759035706520081,"z":-0.2173827886581421,"w":-0.019386932253837587},"size":1.2373342514038087,"orthographic":false}