{"cameraMode":{"drawMode":0,"name":"Shaded","section":"Shading Mode"},"sceneLighting":false,"audioPlay":false,"sceneViewState":{"m_AlwaysRefresh":false,"showFog":true,"showSkybox":true,"showFlares":true,"showImageEffects":true,"showParticleSystems":true,"showVisualEffectGraphs":true,"m_FxEnabled":true},"in2DMode":false,"pivot":{"x":0.1019892692565918,"y":1.3286833763122559,"z":-18.078838348388673},"rotation":{"x":0.19258666038513184,"y":0.6517877578735352,"z":-0.17661066353321076,"w":0.7123352885246277},"size":0.591577410697937,"orthographic":false}