{"cameraMode":{"drawMode":0,"name":"Shaded","section":"Shading Mode"},"sceneLighting":false,"audioPlay":false,"sceneViewState":{"m_AlwaysRefresh":false,"showFog":true,"showSkybox":true,"showFlares":true,"showImageEffects":true,"showParticleSystems":true,"showVisualEffectGraphs":true,"m_FxEnabled":true},"in2DMode":false,"pivot":{"x":274.9590148925781,"y":176.6627655029297,"z":24.469268798828126},"rotation":{"x":0.08121214061975479,"y":0.0017642403254285455,"z":-0.00022148777497932315,"w":0.9967269897460938},"size":162.17587280273438,"orthographic":false}