{"cameraMode":{"drawMode":0,"name":"Shaded","section":"Shading Mode"},"sceneLighting":false,"audioPlay":false,"sceneViewState":{"m_AlwaysRefresh":false,"showFog":true,"showSkybox":true,"showFlares":true,"showImageEffects":true,"showParticleSystems":true,"showVisualEffectGraphs":true,"m_FxEnabled":true},"in2DMode":false,"pivot":{"x":247.6384735107422,"y":223.50694274902345,"z":122.60066223144531},"rotation":{"x":0.051285479217767718,"y":0.00898370984941721,"z":-0.0004595575446728617,"w":0.9986464977264404},"size":253.90460205078126,"orthographic":false}