{"cameraMode":{"drawMode":0,"name":"Shaded","section":"Shading Mode"},"sceneLighting":false,"audioPlay":false,"sceneViewState":{"m_AlwaysRefresh":false,"showFog":true,"showSkybox":true,"showFlares":true,"showImageEffects":true,"showParticleSystems":true,"showVisualEffectGraphs":true,"m_FxEnabled":true},"in2DMode":false,"pivot":{"x":-1.5141971111297608,"y":1.0518784523010255,"z":-16.476411819458009},"rotation":{"x":0.03540928289294243,"y":0.6760611534118652,"z":-0.032825518399477008,"w":0.7353688478469849},"size":1.4158453941345215,"orthographic":false}