{"cameraMode":{"drawMode":0,"name":"Shaded","section":"Shading Mode"},"sceneLighting":false,"audioPlay":false,"sceneViewState":{"m_AlwaysRefresh":false,"showFog":true,"showSkybox":true,"showFlares":true,"showImageEffects":true,"showParticleSystems":true,"showVisualEffectGraphs":true,"m_FxEnabled":true},"in2DMode":false,"pivot":{"x":391.1974792480469,"y":23.22064971923828,"z":4.535198211669922},"rotation":{"x":0.016801897436380388,"y":-0.012913034297525883,"z":-0.0002055946533801034,"w":-0.9998913407325745},"size":102.43317413330078,"orthographic":false}