{"cameraMode":{"drawMode":0,"name":"Shaded","section":"Shading Mode"},"sceneLighting":false,"audioPlay":false,"sceneViewState":{"m_AlwaysRefresh":false,"showFog":true,"showSkybox":true,"showFlares":true,"showImageEffects":true,"showParticleSystems":true,"showVisualEffectGraphs":true,"m_FxEnabled":true},"in2DMode":false,"pivot":{"x":481.066650390625,"y":144.64151000976563,"z":-110.41278076171875},"rotation":{"x":0.019894855096936227,"y":-0.22100669145584107,"z":-0.004506375174969435,"w":-0.9750698208808899},"size":264.8407897949219,"orthographic":false}