{"cameraMode":{"drawMode":0,"name":"Shaded","section":"Shading Mode"},"sceneLighting":false,"audioPlay":false,"sceneViewState":{"m_AlwaysRefresh":false,"showFog":true,"showSkybox":true,"showFlares":true,"showImageEffects":true,"showParticleSystems":true,"showVisualEffectGraphs":true,"m_FxEnabled":true},"in2DMode":false,"pivot":{"x":639.3555908203125,"y":417.94268798828127,"z":440.72802734375},"rotation":{"x":0.08847673237323761,"y":0.07093685865402222,"z":-0.006420598831027746,"w":0.9936846494674683},"size":502.94891357421877,"orthographic":false}