{"cameraMode":{"drawMode":0,"name":"Shaded","section":"Shading Mode"},"sceneLighting":false,"audioPlay":false,"sceneViewState":{"m_AlwaysRefresh":false,"showFog":true,"showSkybox":true,"showFlares":true,"showImageEffects":true,"showParticleSystems":true,"showVisualEffectGraphs":true,"m_FxEnabled":true},"in2DMode":false,"pivot":{"x":0.11411181092262268,"y":1.3747355937957764,"z":-14.896439552307129},"rotation":{"x":-0.008539366535842419,"y":0.9841253757476807,"z":0.05161164700984955,"w":0.16967810690402986},"size":2.666025161743164,"orthographic":false}