{"cameraMode":{"drawMode":0,"name":"Shaded","section":"Shading Mode"},"sceneLighting":true,"audioPlay":false,"sceneViewState":{"m_AlwaysRefresh":false,"showFog":true,"showSkybox":true,"showFlares":true,"showImageEffects":true,"showParticleSystems":true,"showVisualEffectGraphs":true,"m_FxEnabled":true},"in2DMode":false,"pivot":{"x":482.0179443359375,"y":196.15077209472657,"z":-1.758575439453125},"rotation":{"x":-0.007809837814420462,"y":-0.0009027772466652095,"z":0.000005291817615216132,"w":-0.9999743103981018},"size":190.17242431640626,"orthographic":false}