{"cameraMode":{"drawMode":0,"name":"Shaded","section":"Shading Mode"},"sceneLighting":false,"audioPlay":false,"sceneViewState":{"m_AlwaysRefresh":false,"showFog":true,"showSkybox":true,"showFlares":true,"showImageEffects":true,"showParticleSystems":true,"showVisualEffectGraphs":true,"m_FxEnabled":true},"in2DMode":false,"pivot":{"x":-5.735455513000488,"y":3.165170669555664,"z":-9.674233436584473},"rotation":{"x":-0.00006440196739276871,"y":-0.29492583870887759,"z":0.0001884758530650288,"w":0.9556005597114563},"size":1.0483448505401612,"orthographic":false}