{"cameraMode":{"drawMode":0,"name":"Shaded","section":"Shading Mode"},"sceneLighting":false,"audioPlay":false,"sceneViewState":{"m_AlwaysRefresh":false,"showFog":true,"showSkybox":true,"showFlares":true,"showImageEffects":true,"showParticleSystems":true,"showVisualEffectGraphs":true,"m_FxEnabled":true},"in2DMode":false,"pivot":{"x":-1.0135396718978882,"y":2.894665241241455,"z":-17.333866119384767},"rotation":{"x":0.03358776122331619,"y":0.9573683738708496,"z":-0.12450762093067169,"w":0.2586980164051056},"size":0.0729820728302002,"orthographic":false}