{"cameraMode":{"drawMode":0,"name":"Shaded","section":"Shading Mode"},"sceneLighting":false,"audioPlay":false,"sceneViewState":{"m_AlwaysRefresh":false,"showFog":true,"showSkybox":true,"showFlares":true,"showImageEffects":true,"showParticleSystems":true,"showVisualEffectGraphs":true,"m_FxEnabled":true},"in2DMode":false,"pivot":{"x":-4.898592948913574,"y":0.24777787923812867,"z":-18.337215423583986},"rotation":{"x":0.04423142969608307,"y":-0.9512136578559876,"z":0.1627873033285141,"w":0.25834840536117556},"size":2.6739156246185304,"orthographic":false}