{"cameraMode":{"drawMode":0,"name":"Shaded","section":"Shading Mode"},"sceneLighting":false,"audioPlay":false,"sceneViewState":{"m_AlwaysRefresh":false,"showFog":true,"showSkybox":true,"showFlares":true,"showImageEffects":true,"showParticleSystems":true,"showVisualEffectGraphs":true,"m_FxEnabled":true},"in2DMode":false,"pivot":{"x":4.823755264282227,"y":0.22756122052669526,"z":11.670975685119629},"rotation":{"x":-0.025606799870729448,"y":0.9689282178878784,"z":0.21787285804748536,"w":0.1145026683807373},"size":0.033974647521972659,"orthographic":false}