{"cameraMode":{"drawMode":0,"name":"Shaded","section":"Shading Mode"},"sceneLighting":false,"audioPlay":false,"sceneViewState":{"m_AlwaysRefresh":false,"showFog":true,"showSkybox":true,"showFlares":true,"showImageEffects":true,"showParticleSystems":true,"showVisualEffectGraphs":true,"m_FxEnabled":true},"in2DMode":false,"pivot":{"x":0.17172548174858094,"y":0.018775060772895814,"z":0.010061562061309815},"rotation":{"x":0.15185578167438508,"y":0.08382201939821243,"z":-0.012929068878293038,"w":0.9847660064697266},"size":0.5739157795906067,"orthographic":false}