{"cameraMode":{"drawMode":0,"name":"Shaded","section":"Shading Mode"},"sceneLighting":false,"audioPlay":false,"sceneViewState":{"m_AlwaysRefresh":false,"showFog":true,"showSkybox":true,"showFlares":true,"showImageEffects":true,"showParticleSystems":true,"showVisualEffectGraphs":true,"m_FxEnabled":true},"in2DMode":false,"pivot":{"x":0.8616554141044617,"y":1.3170794248580933,"z":-18.81458854675293},"rotation":{"x":-0.15122857689857484,"y":-0.8027470111846924,"z":0.22748956084251405,"w":-0.5306734442710877},"size":1.1693390607833863,"orthographic":false}