{"cameraMode":{"drawMode":0,"name":"Shaded","section":"Shading Mode"},"sceneLighting":false,"audioPlay":false,"sceneViewState":{"m_AlwaysRefresh":false,"showFog":true,"showSkybox":true,"showFlares":true,"showImageEffects":true,"showParticleSystems":true,"showVisualEffectGraphs":true,"m_FxEnabled":true},"in2DMode":false,"pivot":{"x":246.6973876953125,"y":130.84347534179688,"z":-31.825477600097658},"rotation":{"x":-0.01727859489619732,"y":-0.9646878242492676,"z":0.25456321239471438,"w":-0.06549625843763352},"size":210.67086791992188,"orthographic":false}