{"cameraMode":{"drawMode":0,"name":"Shaded","section":"Shading Mode"},"sceneLighting":false,"audioPlay":false,"sceneViewState":{"m_AlwaysRefresh":false,"showFog":true,"showSkybox":true,"showFlares":true,"showImageEffects":true,"showParticleSystems":true,"showVisualEffectGraphs":true,"m_FxEnabled":true},"in2DMode":false,"pivot":{"x":4.016340732574463,"y":0.1389954388141632,"z":-1.0406816005706788},"rotation":{"x":0.029737072065472604,"y":0.10385744273662567,"z":-0.002738215494900942,"w":0.994163453578949},"size":7.186085224151611,"orthographic":false}