{"cameraMode":{"drawMode":0,"name":"Shaded","section":"Shading Mode"},"sceneLighting":false,"audioPlay":false,"sceneViewState":{"m_AlwaysRefresh":false,"showFog":true,"showSkybox":true,"showFlares":true,"showImageEffects":true,"showParticleSystems":true,"showVisualEffectGraphs":true,"m_FxEnabled":true},"in2DMode":false,"pivot":{"x":219.56471252441407,"y":281.3000183105469,"z":-6.143245697021484},"rotation":{"x":0.0288032665848732,"y":0.013789513148367405,"z":-0.00039469904731959105,"w":0.9994931221008301},"size":139.12164306640626,"orthographic":false}