{"cameraMode":{"drawMode":0,"name":"Shaded","section":"Shading Mode"},"sceneLighting":false,"audioPlay":false,"sceneViewState":{"m_AlwaysRefresh":false,"showFog":true,"showSkybox":true,"showFlares":true,"showImageEffects":true,"showParticleSystems":true,"showVisualEffectGraphs":true,"m_FxEnabled":true},"in2DMode":false,"pivot":{"x":-3.2593929767608644,"y":0.5967565774917603,"z":-20.13580322265625},"rotation":{"x":-0.0021837882231920959,"y":0.9823371171951294,"z":-0.18669268488883973,"w":-0.011183044873178006},"size":2.092604875564575,"orthographic":false}