{"cameraMode":{"drawMode":0,"name":"Shaded","section":"Shading Mode"},"sceneLighting":false,"audioPlay":false,"sceneViewState":{"m_AlwaysRefresh":false,"showFog":true,"showSkybox":true,"showFlares":true,"showImageEffects":true,"showParticleSystems":true,"showVisualEffectGraphs":true,"m_FxEnabled":true},"in2DMode":false,"pivot":{"x":-2.514645576477051,"y":1.6555676460266114,"z":-11.258108139038086},"rotation":{"x":-0.0031344806775450708,"y":-0.9808248281478882,"z":-0.014677384868264199,"w":0.19468221068382264},"size":0.19615823030471803,"orthographic":false}