{"cameraMode":{"drawMode":0,"name":"Shaded","section":"Shading Mode"},"sceneLighting":false,"audioPlay":false,"sceneViewState":{"m_AlwaysRefresh":false,"showFog":true,"showSkybox":true,"showFlares":true,"showImageEffects":true,"showParticleSystems":true,"showVisualEffectGraphs":true,"m_FxEnabled":true},"in2DMode":false,"pivot":{"x":252.2265167236328,"y":295.2258605957031,"z":-0.07629990577697754},"rotation":{"x":0.011689133010804654,"y":0.0024042173754423858,"z":0.00006656889308942482,"w":-0.9999061822891235},"size":180.7278289794922,"orthographic":false}