{"cameraMode":{"drawMode":0,"name":"Shaded","section":"Shading Mode"},"sceneLighting":false,"audioPlay":false,"sceneViewState":{"m_AlwaysRefresh":false,"showFog":true,"showSkybox":true,"showFlares":true,"showImageEffects":true,"showParticleSystems":true,"showVisualEffectGraphs":true,"m_FxEnabled":true},"in2DMode":false,"pivot":{"x":271.5621032714844,"y":118.59004211425781,"z":8.916157722473145},"rotation":{"x":-0.010484113357961178,"y":0.04318656027317047,"z":-0.00044348437222652137,"w":-0.9990322589874268},"size":189.64353942871095,"orthographic":true}