{"cameraMode":{"drawMode":0,"name":"Shaded","section":"Shading Mode"},"sceneLighting":false,"audioPlay":false,"sceneViewState":{"m_AlwaysRefresh":false,"showFog":true,"showSkybox":true,"showFlares":true,"showImageEffects":true,"showParticleSystems":true,"showVisualEffectGraphs":true,"m_FxEnabled":true},"in2DMode":false,"pivot":{"x":1.3293980360031129,"y":0.15113748610019685,"z":-0.1459839940071106},"rotation":{"x":0.15185578167438508,"y":0.08382201939821243,"z":-0.012929068878293038,"w":0.9847660064697266},"size":1.7739157676696778,"orthographic":false}