{"cameraMode":{"drawMode":0,"name":"Shaded","section":"Shading Mode"},"sceneLighting":false,"audioPlay":false,"sceneViewState":{"m_AlwaysRefresh":false,"showFog":true,"showSkybox":true,"showFlares":true,"showImageEffects":true,"showParticleSystems":true,"showVisualEffectGraphs":true,"m_FxEnabled":true},"in2DMode":false,"pivot":{"x":-4.130796909332275,"y":2.8222410678863527,"z":-8.248533248901368},"rotation":{"x":-0.010283645242452622,"y":0.2336374670267105,"z":-0.002850086661055684,"w":-0.9722864627838135},"size":3.0373339653015138,"orthographic":false}