{"cameraMode":{"drawMode":0,"name":"Shaded","section":"Shading Mode"},"sceneLighting":false,"audioPlay":false,"sceneViewState":{"m_AlwaysRefresh":false,"showFog":true,"showSkybox":true,"showFlares":true,"showImageEffects":true,"showParticleSystems":true,"showVisualEffectGraphs":true,"m_FxEnabled":true},"in2DMode":false,"pivot":{"x":323.10748291015627,"y":124.04158020019531,"z":-345.538818359375},"rotation":{"x":0.029695237055420877,"y":0.01051046047359705,"z":-0.00032222591107711196,"w":0.9996247291564941},"size":0.8660253882408142,"orthographic":false}