{"cameraMode":{"drawMode":0,"name":"Shaded","section":"Shading Mode"},"sceneLighting":true,"audioPlay":false,"sceneViewState":{"m_AlwaysRefresh":false,"showFog":true,"showSkybox":true,"showFlares":true,"showImageEffects":true,"showParticleSystems":true,"showVisualEffectGraphs":true,"m_FxEnabled":true},"in2DMode":false,"pivot":{"x":526.9698486328125,"y":348.08197021484377,"z":-530.5217895507813},"rotation":{"x":-0.004809647332876921,"y":0.0050972383469343189,"z":-0.00002454271452734247,"w":-0.9999758005142212},"size":153.26205444335938,"orthographic":false}