{"cameraMode":{"drawMode":0,"name":"Shaded","section":"Shading Mode"},"sceneLighting":false,"audioPlay":false,"sceneViewState":{"m_AlwaysRefresh":false,"showFog":true,"showSkybox":true,"showFlares":true,"showImageEffects":true,"showParticleSystems":true,"showVisualEffectGraphs":true,"m_FxEnabled":true},"in2DMode":false,"pivot":{"x":359.6669921875,"y":192.63031005859376,"z":13.915252685546875},"rotation":{"x":-0.01103382557630539,"y":0.08836624026298523,"z":-0.0009465320617891848,"w":-0.9960963726043701},"size":240.16758728027345,"orthographic":true}