{"cameraMode":{"drawMode":0,"name":"Shaded","section":"Shading Mode"},"sceneLighting":false,"audioPlay":false,"sceneViewState":{"m_AlwaysRefresh":false,"showFog":true,"showSkybox":true,"showFlares":true,"showImageEffects":true,"showParticleSystems":true,"showVisualEffectGraphs":true,"m_FxEnabled":true},"in2DMode":false,"pivot":{"x":-4.020754814147949,"y":0.6784906387329102,"z":-13.74199390411377},"rotation":{"x":0.14049755036830903,"y":0.05554281920194626,"z":-0.007528884336352348,"w":0.9885091185569763},"size":1.9727839231491089,"orthographic":false}