{"cameraMode":{"drawMode":0,"name":"Shaded","section":"Shading Mode"},"sceneLighting":false,"audioPlay":false,"sceneViewState":{"m_AlwaysRefresh":false,"showFog":true,"showSkybox":false,"showFlares":true,"showImageEffects":true,"showParticleSystems":true,"showVisualEffectGraphs":true,"m_FxEnabled":true},"in2DMode":false,"pivot":{"x":-29.372238159179689,"y":0.0798829197883606,"z":-10.61469841003418},"rotation":{"x":0.1283784806728363,"y":-0.8693912625312805,"z":0.30215904116630556,"w":0.36931538581848147},"size":0.5066366791725159,"orthographic":false}